[{
    "id": 1,
    "name": "ศาสตราจารย์นายแพทย์"
  },
  {
    "id": 2,
    "name": "แพทย์หญิงคุณหญิง"
  },
  {
    "id": 3,
    "name": "นายแพทย์"
  },
  {
    "id": 4,
    "name": "แพทย์หญิง"
  },
  {
    "id": 5,
    "name": "ทัณตแพทย์"
  },
  {
    "id": 6,
    "name": "ทัณตแพทย์หญิง"
  },
  {
    "id": 7,
    "name": "ผู้ช่วยศาสตราจารย์"
  }
]